{"schemaVersion":"1.0","appDefinitionTemplate":{"id":"/providers/Microsoft.PowerApps/apps/","type":"Microsoft.PowerApps/apps","tags":{"primaryDeviceWidth":"640","primaryDeviceHeight":"1136","sienaVersion":"20200820T131353Z-3.20082.19.0","deviceCapabilities":"","supportsPortrait":"true","supportsLandscape":"false","primaryFormFactor":"Phone","publisherVersion":"3.20082.19","minimumRequiredApiVersion":"2.2.0","hasComponent":"false","hasUnlockedComponent":"false","isUnifiedRootApp":"false"},"properties":{"appVersion":"2020-08-20T13:13:53Z","lifeCycleId":"Published","createdByClientVersion":{"major":3,"minor":20082,"build":19,"revision":0,"majorRevision":0,"minorRevision":0},"minClientVersion":{"major":3,"minor":20082,"build":19,"revision":0,"majorRevision":0,"minorRevision":0},"backgroundColor":"rgba(44, 125, 154, 1)","backgroundImageUri":"/5378472215109566474/Ndf8446af-1e56-41fa-a865-cf8f8f63d572-logoSmallFile","displayName":"Gradual Return to Workplace - Retour au milieu de travail","description":"","commitMessage":"","appUris":{"documentUri":{"value":"/5378472215109566474/Nc0a697df-b2d9-47d3-9d24-bf97ae0149f2-document.msapp","readonlyValue":"/5378472215109566474/Nc0a697df-b2d9-47d3-9d24-bf97ae0149f2-document.msapp"},"imageUris":[]},"createdTime":"0001-01-01T00:00:00Z","lastModifiedTime":"0001-01-01T00:00:00Z","sharedGroupsCount":0,"sharedUsersCount":0,"icons":{"smallIconUri":"/5378472215109566474/Nf538abf4-39ce-4a11-bc49-a06d802e76e9-small.png","mediumIconUri":"/5378472215109566474/Nd3d910ba-e968-4c89-99ff-aa1e8c180426-medium.png","largeIconUri":"/5378472215109566474/N73982aa4-59ce-4603-af37-02c07a76299d-large.png","wideIconUri":"/5378472215109566474/N1b2d71af-20e7-4db4-8bb3-ef023bdf003d-wide.png"},"connectionReferences":{"d05d75c0-84b1-4e13-8fa4-5f8594022784":{"id":"47bbf01f-c93e-41b2-a9fa-7afe0cdc64d1","displayName":"Office 365 Outlook","iconUri":"https://connectoricons-prod.azureedge.net/releases/v1.0.1384/1.0.1384.2105/office365/icon.png","dataSources":["Office365Outlook"],"dependencies":[],"dependents":[],"parameterHints":{},"isOnPremiseConnection":false,"bypassConsent":false,"dataSets":{},"apiTier":"Standard","isCustomApiConnection":false},"7f57d015-2c37-48e2-b6b2-f2a1a31a6d0b":{"id":"1dee811b-3340-4e9f-baea-edd4adc41782","displayName":"Office 365 Users","iconUri":"https://connectoricons-prod.azureedge.net/releases/v1.0.1381/1.0.1381.2096/office365users/icon.png","dataSources":["Office365Users"],"dependencies":[],"dependents":[],"parameterHints":{},"isOnPremiseConnection":false,"bypassConsent":false,"dataSets":{},"apiTier":"Standard","isCustomApiConnection":false},"0ae510f2-773e-458a-b82a-57cacda0a180":{"id":"56fbb37d-6458-4688-ac79-062d178e5274","displayName":"SharePoint","iconUri":"https://connectoricons-prod.azureedge.net/releases/v1.0.1371/1.0.1371.2074/sharepointonline/icon.png","dataSources":["ElevatorFloor"],"dependencies":[],"dependents":[],"parameterHints":{},"isOnPremiseConnection":false,"bypassConsent":false,"dataSets":{},"apiTier":"Standard","isCustomApiConnection":false},"0be11d47-6923-48bf-983c-282bcd735839":{"id":"56fbb37d-6458-4688-ac79-062d178e5274","displayName":"SharePoint","iconUri":"https://connectoricons-prod.azureedge.net/releases/v1.0.1371/1.0.1371.2074/sharepointonline/icon.png","dataSources":["ApplicationUser","Building","BuildingFloor","ElevatorAccess","ElevatorBankCapacity"],"dependencies":[],"dependents":[],"parameterHints":{},"isOnPremiseConnection":false,"bypassConsent":false,"dataSets":{"https://034gc.sharepoint.com/sites/GREW-RPMT":{"dataSources":{"ApplicationUser":{"tableName":"9ec2a503-6a99-4575-b57c-ab8dba8f35fc"},"Building":{"tableName":"fef48a33-3af6-4749-b9ac-2d06d89d45cb"},"BuildingFloor":{"tableName":"f3972659-60f9-46d8-b5a1-d311d2dffdf4"},"ElevatorAccess":{"tableName":"f473ef43-1b8f-4abe-8c6d-6c95c6a720a5"},"ElevatorBankCapacity":{"tableName":"73466006-6eb3-4e9f-b8f0-f0e055b33533"}}}},"apiTier":"Standard","isCustomApiConnection":false}},"databaseReferences":{},"almMode":"Environment","performanceOptimizationEnabled":true,"canConsumeAppPass":true},"isAppComponentLibrary":false,"appType":"ClassicCanvasApp","appComponents":[]}}